metric,value
RMSE,1489.428519020945
MAE,148.9428519020946
R-squared,.9937151228022618
MAPE,2.813054326168201
