metric,value
RMSE,10996.11624854199
R-squared,.9937151228022618
MAE,8733.197659824333
MAPE,2.813054326168201
